{"cameraMode":{"drawMode":0,"name":"Shaded","section":"Shading Mode"},"sceneLighting":true,"audioPlay":false,"sceneViewState":{"m_AlwaysRefresh":false,"showFog":false,"showSkybox":false,"showFlares":false,"showImageEffects":false,"showParticleSystems":false,"showVisualEffectGraphs":true,"m_FxEnabled":true},"in2DMode":false,"pivot":{"x":52.083614349365237,"y":10.624605178833008,"z":30.709287643432618},"rotation":{"x":0.029784003272652627,"y":-0.7513962984085083,"z":0.03492201492190361,"w":0.6587303876876831},"size":3.1307761669158937,"orthographic":false}