{"cameraMode":{"drawMode":0,"name":"Shaded","section":"Shading Mode"},"sceneLighting":true,"audioPlay":false,"sceneViewState":{"m_AlwaysRefresh":false,"showFog":false,"showSkybox":false,"showFlares":false,"showImageEffects":false,"showParticleSystems":false,"showVisualEffectGraphs":true,"m_FxEnabled":true},"in2DMode":false,"pivot":{"x":0.2077232003211975,"y":-0.18652355670928956,"z":8.2399263381958},"rotation":{"x":-0.00045782324741594493,"y":-0.9708758592605591,"z":0.24105657637119294,"w":0.014517172239720822},"size":0.5805943012237549,"orthographic":false}