{"cameraMode":{"drawMode":0,"name":"Shaded","section":"Shading Mode"},"sceneLighting":true,"audioPlay":false,"sceneViewState":{"m_AlwaysRefresh":false,"showFog":false,"showSkybox":false,"showFlares":false,"showImageEffects":false,"showParticleSystems":false,"showVisualEffectGraphs":true,"m_FxEnabled":true},"in2DMode":false,"pivot":{"x":3.8158161640167238,"y":-0.5893911719322205,"z":-0.26011431217193606},"rotation":{"x":-0.17672976851463319,"y":0.16682898998260499,"z":-0.030499499291181566,"w":-0.9695798754692078},"size":1.2227238416671754,"orthographic":false}