{"cameraMode":{"drawMode":0,"name":"Shaded","section":"Shading Mode"},"sceneLighting":false,"audioPlay":false,"sceneViewState":{"m_AlwaysRefresh":false,"showFog":false,"showSkybox":false,"showFlares":false,"showImageEffects":false,"showParticleSystems":false,"showVisualEffectGraphs":true,"m_FxEnabled":true},"in2DMode":false,"pivot":{"x":0.00009394064545631409,"y":0.012544222176074982,"z":0.0019112247973680497},"rotation":{"x":0.20663172006607057,"y":-0.573666512966156,"z":0.1528666615486145,"w":0.7783745527267456},"size":0.05683601275086403,"orthographic":false}