{"cameraMode":{"drawMode":0,"name":"Shaded","section":"Shading Mode"},"sceneLighting":false,"audioPlay":false,"sceneViewState":{"m_AlwaysRefresh":false,"showFog":false,"showSkybox":false,"showFlares":false,"showImageEffects":false,"showParticleSystems":false,"showVisualEffectGraphs":true,"m_FxEnabled":true},"in2DMode":false,"pivot":{"x":52.790000915527347,"y":4.470000267028809,"z":33.577999114990237},"rotation":{"x":0.051532719284296039,"y":0.1560617983341217,"z":0.008112510666251183,"w":-0.9863961935043335},"size":1.0307763814926148,"orthographic":false}